entity_id,state,last_changed
sensor.air_quality_monitor_battery_voltage,unavailable,2026-08-22T04:00:00.000Z
sensor.air_quality_monitor_battery_voltage,3.7862401008606,2026-08-22T04:19:33.378Z
sensor.air_quality_monitor_battery_voltage,3.7947735786438,2026-08-22T04:20:29.631Z
sensor.air_quality_monitor_battery_voltage,3.79199981689453,2026-08-22T04:21:29.632Z
sensor.air_quality_monitor_battery_voltage,3.79018664360046,2026-08-22T04:23:29.641Z
sensor.air_quality_monitor_battery_voltage,3.75711989402771,2026-08-22T04:24:29.648Z
sensor.air_quality_monitor_battery_voltage,3.77653312683105,2026-08-22T04:26:29.651Z
sensor.air_quality_monitor_battery_voltage,3.76789331436157,2026-08-22T04:28:29.655Z
sensor.air_quality_monitor_battery_voltage,3.76704001426697,2026-08-22T04:29:29.660Z
sensor.air_quality_monitor_battery_voltage,3.76383972167969,2026-08-22T04:30:29.658Z
sensor.air_quality_monitor_battery_voltage,3.75722670555115,2026-08-22T04:31:29.666Z
sensor.air_quality_monitor_battery_voltage,3.73994636535645,2026-08-22T04:33:29.671Z
sensor.air_quality_monitor_battery_voltage,3.76213312149048,2026-08-22T04:35:29.675Z
sensor.air_quality_monitor_battery_voltage,3.7556266784668,2026-08-22T04:37:29.680Z
sensor.air_quality_monitor_battery_voltage,3.75850677490234,2026-08-22T04:40:29.683Z
sensor.air_quality_monitor_battery_voltage,3.75733351707458,2026-08-22T04:42:29.688Z
sensor.air_quality_monitor_battery_voltage,3.75701332092285,2026-08-22T04:44:29.695Z
sensor.air_quality_monitor_battery_voltage,3.75690650939941,2026-08-22T04:47:29.697Z
sensor.air_quality_monitor_battery_voltage,3.7566933631897,2026-08-22T04:48:29.699Z
sensor.air_quality_monitor_battery_voltage,3.7564799785614,2026-08-22T04:49:29.712Z
sensor.air_quality_monitor_battery_voltage,3.72970652580261,2026-08-22T04:50:29.720Z
sensor.air_quality_monitor_battery_voltage,3.73344016075134,2026-08-22T04:52:29.725Z
sensor.air_quality_monitor_battery_voltage,3.73237347602844,2026-08-22T04:54:29.734Z
sensor.air_quality_monitor_battery_voltage,3.73418664932251,2026-08-22T04:56:29.659Z
sensor.air_quality_monitor_battery_voltage,3.75530672073364,2026-08-22T04:57:29.677Z
sensor.air_quality_monitor_battery_voltage,3.75381326675415,2026-08-22T04:59:29.705Z
sensor.air_quality_monitor_battery_voltage,3.75349354743958,2026-08-22T05:00:29.721Z
sensor.air_quality_monitor_battery_voltage,3.75253343582153,2026-08-22T05:02:29.750Z
sensor.air_quality_monitor_battery_voltage,3.75210642814636,2026-08-22T05:03:29.766Z
sensor.air_quality_monitor_battery_voltage,3.75125360488892,2026-08-22T05:04:29.787Z
sensor.air_quality_monitor_battery_voltage,3.7524266242981,2026-08-22T05:06:29.813Z
sensor.air_quality_monitor_battery_voltage,3.74880003929138,2026-08-22T05:08:29.891Z
sensor.air_quality_monitor_battery_voltage,3.72960019111633,2026-08-22T05:09:29.917Z
sensor.air_quality_monitor_battery_voltage,3.7294933795929,2026-08-22T05:12:29.942Z
sensor.air_quality_monitor_battery_voltage,3.73013305664062,2026-08-22T05:14:29.975Z
sensor.air_quality_monitor_battery_voltage,3.73056030273438,2026-08-22T05:15:29.990Z
sensor.air_quality_monitor_battery_voltage,3.74933314323425,2026-08-22T05:16:30.026Z
sensor.air_quality_monitor_battery_voltage,3.74805331230164,2026-08-22T05:18:30.060Z
sensor.air_quality_monitor_battery_voltage,3.72991991043091,2026-08-22T05:20:30.118Z
sensor.air_quality_monitor_battery_voltage,3.73023986816406,2026-08-22T05:21:30.146Z
sensor.air_quality_monitor_battery_voltage,3.72991991043091,2026-08-22T05:22:30.170Z
sensor.air_quality_monitor_battery_voltage,3.73023986816406,2026-08-22T05:23:30.216Z
sensor.air_quality_monitor_battery_voltage,3.72938704490662,2026-08-22T05:24:30.239Z
sensor.air_quality_monitor_battery_voltage,3.72810673713684,2026-08-22T05:26:30.284Z
sensor.air_quality_monitor_battery_voltage,3.72768020629883,2026-08-22T05:27:30.314Z
sensor.air_quality_monitor_battery_voltage,3.74528002738953,2026-08-22T05:29:30.361Z
sensor.air_quality_monitor_battery_voltage,3.7465603351593,2026-08-22T05:30:30.367Z
sensor.air_quality_monitor_battery_voltage,3.74720001220703,2026-08-22T05:32:30.397Z
sensor.air_quality_monitor_battery_voltage,3.7403736114502,2026-08-22T05:33:30.419Z
sensor.air_quality_monitor_battery_voltage,3.74538683891296,2026-08-22T05:34:30.433Z
sensor.air_quality_monitor_battery_voltage,3.7403736114502,2026-08-22T05:35:30.466Z
sensor.air_quality_monitor_battery_voltage,3.73951983451843,2026-08-22T05:36:30.485Z
sensor.air_quality_monitor_battery_voltage,3.74581336975098,2026-08-22T05:38:30.543Z
sensor.air_quality_monitor_battery_voltage,3.74399995803833,2026-08-22T05:40:30.591Z
sensor.air_quality_monitor_battery_voltage,3.72842669487,2026-08-22T05:41:30.612Z
sensor.air_quality_monitor_battery_voltage,3.72821307182312,2026-08-22T05:42:30.640Z
sensor.air_quality_monitor_battery_voltage,3.72842669487,2026-08-22T05:43:30.663Z
sensor.air_quality_monitor_battery_voltage,3.73429346084595,2026-08-22T05:44:30.684Z
sensor.air_quality_monitor_battery_voltage,3.7346134185791,2026-08-22T05:45:30.680Z
sensor.air_quality_monitor_battery_voltage,3.73429346084595,2026-08-22T05:46:30.699Z
sensor.air_quality_monitor_battery_voltage,3.72543978691101,2026-08-22T05:47:30.707Z
sensor.air_quality_monitor_battery_voltage,3.72554659843445,2026-08-22T05:49:30.798Z
sensor.air_quality_monitor_battery_voltage,3.73365378379822,2026-08-22T05:50:30.818Z
sensor.air_quality_monitor_battery_voltage,3.73216032981873,2026-08-22T05:52:30.889Z
sensor.air_quality_monitor_battery_voltage,3.73045349121094,2026-08-22T05:53:30.904Z
sensor.air_quality_monitor_battery_voltage,3.72960019111633,2026-08-22T05:54:30.929Z
sensor.air_quality_monitor_battery_voltage,3.72970652580261,2026-08-22T05:56:30.979Z
sensor.air_quality_monitor_battery_voltage,3.72831988334656,2026-08-22T05:58:31.032Z
sensor.air_quality_monitor_battery_voltage,3.7269332408905,2026-08-22T06:02:31.121Z
sensor.air_quality_monitor_battery_voltage,3.72448015213013,2026-08-22T06:03:31.157Z
sensor.air_quality_monitor_battery_voltage,3.71594667434692,2026-08-22T06:04:31.194Z
sensor.air_quality_monitor_battery_voltage,3.72288012504578,2026-08-22T06:06:31.234Z
sensor.air_quality_monitor_battery_voltage,3.72202658653259,2026-08-22T06:08:31.266Z
sensor.air_quality_monitor_battery_voltage,3.72063994407654,2026-08-22T06:09:31.304Z
sensor.air_quality_monitor_battery_voltage,3.71925354003906,2026-08-22T06:10:31.334Z
sensor.air_quality_monitor_battery_voltage,3.7175464630127,2026-08-22T06:12:31.372Z
sensor.air_quality_monitor_battery_voltage,3.71040010452271,2026-08-22T06:13:31.396Z
sensor.air_quality_monitor_battery_voltage,3.7061333656311,2026-08-22T06:14:31.420Z
sensor.air_quality_monitor_battery_voltage,3.70037341117859,2026-08-22T06:16:31.452Z
sensor.air_quality_monitor_battery_voltage,3.69973349571228,2026-08-22T06:17:31.466Z
sensor.air_quality_monitor_battery_voltage,3.69834637641907,2026-08-22T06:19:31.519Z
sensor.air_quality_monitor_battery_voltage,3.69589352607727,2026-08-22T06:20:31.532Z
sensor.air_quality_monitor_battery_voltage,3.67936015129089,2026-08-22T06:21:31.549Z
sensor.air_quality_monitor_battery_voltage,3.69290661811829,2026-08-22T06:23:31.590Z
sensor.air_quality_monitor_battery_voltage,3.69205355644226,2026-08-22T06:25:31.630Z
sensor.air_quality_monitor_battery_voltage,3.69162678718567,2026-08-22T06:26:31.650Z
sensor.air_quality_monitor_battery_voltage,3.6908802986145,2026-08-22T06:27:31.674Z
sensor.air_quality_monitor_battery_voltage,3.68949317932129,2026-08-22T06:28:31.690Z
sensor.air_quality_monitor_battery_voltage,3.68863987922668,2026-08-22T06:29:31.704Z
sensor.air_quality_monitor_battery_voltage,3.68757367134094,2026-08-22T06:30:31.715Z
sensor.air_quality_monitor_battery_voltage,3.68682670593262,2026-08-22T06:31:31.737Z
sensor.air_quality_monitor_battery_voltage,3.68362665176392,2026-08-22T06:32:31.756Z
sensor.air_quality_monitor_battery_voltage,3.68351984024048,2026-08-22T06:33:31.780Z
sensor.air_quality_monitor_battery_voltage,3.6832001209259,2026-08-22T06:34:31.799Z
sensor.air_quality_monitor_battery_voltage,3.68202662467957,2026-08-22T06:35:31.820Z
sensor.air_quality_monitor_battery_voltage,3.68191981315613,2026-08-22T06:36:31.851Z
sensor.air_quality_monitor_battery_voltage,3.68138670921326,2026-08-22T06:37:31.870Z
sensor.air_quality_monitor_battery_voltage,3.67957353591919,2026-08-22T06:38:31.886Z
sensor.air_quality_monitor_battery_voltage,3.67413330078125,2026-08-22T06:39:31.907Z
sensor.air_quality_monitor_battery_voltage,3.66602683067322,2026-08-22T06:40:31.919Z
sensor.air_quality_monitor_battery_voltage,3.6540801525116,2026-08-22T06:42:31.958Z
sensor.air_quality_monitor_battery_voltage,3.65376019477844,2026-08-22T06:43:31.989Z
sensor.air_quality_monitor_battery_voltage,3.65216040611267,2026-08-22T06:44:32.009Z
sensor.air_quality_monitor_battery_voltage,3.65823984146118,2026-08-22T06:46:32.052Z
sensor.air_quality_monitor_battery_voltage,3.65642666816711,2026-08-22T06:48:32.100Z
sensor.air_quality_monitor_battery_voltage,3.65546679496765,2026-08-22T06:49:32.127Z
sensor.air_quality_monitor_battery_voltage,3.65290689468384,2026-08-22T06:50:32.153Z
sensor.air_quality_monitor_battery_voltage,3.6519467830658,2026-08-22T06:51:32.179Z
sensor.air_quality_monitor_battery_voltage,3.65290689468384,2026-08-22T06:52:32.209Z
sensor.air_quality_monitor_battery_voltage,3.6519467830658,2026-08-22T06:53:32.230Z
sensor.air_quality_monitor_battery_voltage,3.65098690986633,2026-08-22T06:54:32.265Z
sensor.air_quality_monitor_battery_voltage,3.65066695213318,2026-08-22T06:55:32.287Z
sensor.air_quality_monitor_battery_voltage,3.64885377883911,2026-08-22T06:56:32.298Z
sensor.air_quality_monitor_battery_voltage,3.62090682983398,2026-08-22T06:58:32.342Z
sensor.air_quality_monitor_battery_voltage,3.62677359580994,2026-08-22T07:00:32.398Z
sensor.air_quality_monitor_battery_voltage,3.62506675720215,2026-08-22T07:02:32.421Z
sensor.air_quality_monitor_battery_voltage,3.64000010490417,2026-08-22T07:04:32.497Z
sensor.air_quality_monitor_battery_voltage,3.62368011474609,2026-08-22T07:06:32.543Z
sensor.air_quality_monitor_battery_voltage,3.62272000312805,2026-08-22T07:07:32.563Z
sensor.air_quality_monitor_battery_voltage,3.62090682983398,2026-08-22T07:08:32.594Z
sensor.air_quality_monitor_battery_voltage,3.62272000312805,2026-08-22T07:09:32.626Z
sensor.air_quality_monitor_battery_voltage,3.63007998466492,2026-08-22T07:10:32.645Z
sensor.air_quality_monitor_battery_voltage,3.6147198677063,2026-08-22T07:12:32.694Z
sensor.air_quality_monitor_battery_voltage,3.61418700218201,2026-08-22T07:13:32.713Z
sensor.air_quality_monitor_battery_voltage,3.61375999450684,2026-08-22T07:14:32.743Z
sensor.air_quality_monitor_battery_voltage,3.61344003677368,2026-08-22T07:15:32.769Z
sensor.air_quality_monitor_battery_voltage,3.62272000312805,2026-08-22T07:17:32.812Z
sensor.air_quality_monitor_battery_voltage,3.62197351455688,2026-08-22T07:19:32.881Z
sensor.air_quality_monitor_battery_voltage,3.62122654914856,2026-08-22T07:20:32.905Z
sensor.air_quality_monitor_battery_voltage,3.61888003349304,2026-08-22T07:22:32.950Z
sensor.air_quality_monitor_battery_voltage,3.61696028709412,2026-08-22T07:23:32.969Z
sensor.air_quality_monitor_battery_voltage,3.61621332168579,2026-08-22T07:24:32.991Z
sensor.air_quality_monitor_battery_voltage,3.61482667922974,2026-08-22T07:25:33.020Z
sensor.air_quality_monitor_battery_voltage,3.60042643547058,2026-08-22T07:26:33.038Z
sensor.air_quality_monitor_battery_voltage,3.61354637145996,2026-08-22T07:27:33.051Z
sensor.air_quality_monitor_battery_voltage,3.61333322525024,2026-08-22T07:28:33.088Z
sensor.air_quality_monitor_battery_voltage,3.59285354614258,2026-08-22T07:30:33.118Z
sensor.air_quality_monitor_battery_voltage,3.5907199382782,2026-08-22T07:31:33.141Z
sensor.air_quality_monitor_battery_voltage,3.58933329582214,2026-08-22T07:33:33.170Z
sensor.air_quality_monitor_battery_voltage,3.60373306274414,2026-08-22T07:35:33.229Z
sensor.air_quality_monitor_battery_voltage,3.60831999778748,2026-08-22T07:36:33.258Z
sensor.air_quality_monitor_battery_voltage,3.5994668006897,2026-08-22T07:38:33.306Z
sensor.air_quality_monitor_battery_voltage,3.59850668907166,2026-08-22T07:39:33.341Z
sensor.air_quality_monitor_battery_voltage,3.5937066078186,2026-08-22T07:40:33.352Z
sensor.air_quality_monitor_battery_voltage,3.58357357978821,2026-08-22T07:42:33.420Z
sensor.air_quality_monitor_battery_voltage,3.58303999900818,2026-08-22T07:43:33.440Z
sensor.air_quality_monitor_battery_voltage,3.58282661437988,2026-08-22T07:44:33.467Z
sensor.air_quality_monitor_battery_voltage,3.58922648429871,2026-08-22T07:46:33.522Z
sensor.air_quality_monitor_battery_voltage,3.58858680725098,2026-08-22T07:48:33.563Z
sensor.air_quality_monitor_battery_voltage,3.58666682243347,2026-08-22T07:49:33.578Z
sensor.air_quality_monitor_battery_voltage,3.58634638786316,2026-08-22T07:50:33.611Z
sensor.air_quality_monitor_battery_voltage,3.57877349853516,2026-08-22T07:51:33.609Z
sensor.air_quality_monitor_battery_voltage,3.58549356460571,2026-08-22T07:52:33.651Z
sensor.air_quality_monitor_battery_voltage,3.55776023864746,2026-08-22T07:53:33.676Z
sensor.air_quality_monitor_battery_voltage,3.57578659057617,2026-08-22T07:54:33.703Z
sensor.air_quality_monitor_battery_voltage,3.58346676826477,2026-08-22T07:56:33.741Z
sensor.air_quality_monitor_battery_voltage,3.58240008354187,2026-08-22T07:59:33.795Z
sensor.air_quality_monitor_battery_voltage,3.58090662956238,2026-08-22T08:00:33.821Z
sensor.air_quality_monitor_battery_voltage,3.58016014099121,2026-08-22T08:01:33.847Z
sensor.air_quality_monitor_battery_voltage,3.55296015739441,2026-08-22T08:02:33.862Z
sensor.air_quality_monitor_battery_voltage,3.57856035232544,2026-08-22T08:04:33.906Z
sensor.air_quality_monitor_battery_voltage,3.57631993293762,2026-08-22T08:06:33.951Z
sensor.air_quality_monitor_battery_voltage,3.57642674446106,2026-08-22T08:09:34.007Z
sensor.air_quality_monitor_battery_voltage,3.57631993293762,2026-08-22T08:10:34.034Z
sensor.air_quality_monitor_battery_voltage,3.57045364379883,2026-08-22T08:11:34.050Z
sensor.air_quality_monitor_battery_voltage,3.55456018447876,2026-08-22T08:12:34.074Z
sensor.air_quality_monitor_battery_voltage,3.56480002403259,2026-08-22T08:13:34.087Z
sensor.air_quality_monitor_battery_voltage,3.56768012046814,2026-08-22T08:15:34.132Z
sensor.air_quality_monitor_battery_voltage,3.55925369262695,2026-08-22T08:17:34.183Z
sensor.air_quality_monitor_battery_voltage,3.55861330032349,2026-08-22T08:18:34.189Z
sensor.air_quality_monitor_battery_voltage,3.55829358100891,2026-08-22T08:19:34.211Z
sensor.air_quality_monitor_battery_voltage,3.53877329826355,2026-08-22T08:20:34.230Z
sensor.air_quality_monitor_battery_voltage,3.55349349975586,2026-08-22T08:22:34.275Z
sensor.air_quality_monitor_battery_voltage,3.55253338813782,2026-08-22T08:24:34.304Z
sensor.air_quality_monitor_battery_voltage,3.55242657661438,2026-08-22T08:25:34.329Z
sensor.air_quality_monitor_battery_voltage,3.54389357566833,2026-08-22T08:26:34.360Z
sensor.air_quality_monitor_battery_voltage,3.54314661026001,2026-08-22T08:27:34.382Z
sensor.air_quality_monitor_battery_voltage,3.5412266254425,2026-08-22T08:28:34.399Z
sensor.air_quality_monitor_battery_voltage,3.53781318664551,2026-08-22T08:29:34.424Z
sensor.air_quality_monitor_battery_voltage,3.53717350959778,2026-08-22T08:31:34.482Z
sensor.air_quality_monitor_battery_voltage,3.54506683349609,2026-08-22T08:34:34.559Z
sensor.air_quality_monitor_battery_voltage,3.54485368728638,2026-08-22T08:36:34.605Z
sensor.air_quality_monitor_battery_voltage,3.5446400642395,2026-08-22T08:37:34.630Z
sensor.air_quality_monitor_battery_voltage,3.51594662666321,2026-08-22T08:38:34.646Z
sensor.air_quality_monitor_battery_voltage,3.5416533946991,2026-08-22T08:40:34.684Z
sensor.air_quality_monitor_battery_voltage,3.54058694839478,2026-08-22T08:42:34.735Z
sensor.air_quality_monitor_battery_voltage,3.53941345214844,2026-08-22T08:43:34.777Z
sensor.air_quality_monitor_battery_voltage,3.5155200958252,2026-08-22T08:44:34.778Z
sensor.air_quality_monitor_battery_voltage,3.5150933265686,2026-08-22T08:45:34.824Z
sensor.air_quality_monitor_battery_voltage,3.51445364952087,2026-08-22T08:46:34.847Z
sensor.air_quality_monitor_battery_voltage,3.52351999282837,2026-08-22T08:48:34.904Z
sensor.air_quality_monitor_battery_voltage,3.5185067653656,2026-08-22T08:50:34.953Z
sensor.air_quality_monitor_battery_voltage,3.51712012290955,2026-08-22T08:51:34.977Z
sensor.air_quality_monitor_battery_voltage,3.5185067653656,2026-08-22T08:52:34.999Z
sensor.air_quality_monitor_battery_voltage,3.5165867805481,2026-08-22T08:53:35.036Z
sensor.air_quality_monitor_battery_voltage,3.51616024971008,2026-08-22T08:54:35.054Z
sensor.air_quality_monitor_battery_voltage,3.51520013809204,2026-08-22T08:55:35.079Z
sensor.air_quality_monitor_battery_voltage,3.50730681419373,2026-08-22T08:56:35.104Z
sensor.air_quality_monitor_battery_voltage,3.50271987915039,2026-08-22T08:57:35.118Z
sensor.air_quality_monitor_battery_voltage,3.50688028335571,2026-08-22T08:59:35.152Z
sensor.air_quality_monitor_battery_voltage,3.51146697998047,2026-08-22T09:00:35.176Z
sensor.air_quality_monitor_battery_voltage,3.50965356826782,2026-08-22T09:02:35.227Z
sensor.air_quality_monitor_battery_voltage,3.50880026817322,2026-08-22T09:03:35.247Z
sensor.air_quality_monitor_battery_voltage,3.48522639274597,2026-08-22T09:04:35.275Z
sensor.air_quality_monitor_battery_voltage,3.50421333312988,2026-08-22T09:05:35.301Z
sensor.air_quality_monitor_battery_voltage,3.4836266040802,2026-08-22T09:06:35.327Z
sensor.air_quality_monitor_battery_voltage,3.47957348823547,2026-08-22T09:09:35.422Z
sensor.air_quality_monitor_battery_voltage,3.49280023574829,2026-08-22T09:10:35.451Z
sensor.air_quality_monitor_battery_voltage,3.48629355430603,2026-08-22T09:11:35.455Z
sensor.air_quality_monitor_battery_voltage,3.47231984138489,2026-08-22T09:13:35.520Z
sensor.air_quality_monitor_battery_voltage,3.45429348945618,2026-08-22T09:14:35.542Z
sensor.air_quality_monitor_battery_voltage,3.47072005271912,2026-08-22T09:15:35.547Z
sensor.air_quality_monitor_battery_voltage,3.47850656509399,2026-08-22T09:17:35.614Z
sensor.air_quality_monitor_battery_voltage,3.47669339179993,2026-08-22T09:19:35.666Z
sensor.air_quality_monitor_battery_voltage,3.47466707229614,2026-08-22T09:20:35.691Z
sensor.air_quality_monitor_battery_voltage,3.47349333763123,2026-08-22T09:22:35.754Z
sensor.air_quality_monitor_battery_voltage,3.47231984138489,2026-08-22T09:23:35.783Z
sensor.air_quality_monitor_battery_voltage,3.44863963127136,2026-08-22T09:24:35.809Z
sensor.air_quality_monitor_battery_voltage,3.44522666931152,2026-08-22T09:25:35.819Z
sensor.air_quality_monitor_battery_voltage,3.44533324241638,2026-08-22T09:26:35.844Z
sensor.air_quality_monitor_battery_voltage,3.44384002685547,2026-08-22T09:29:35.945Z
sensor.air_quality_monitor_battery_voltage,3.44160008430481,2026-08-22T09:30:35.965Z
sensor.air_quality_monitor_battery_voltage,3.44063997268677,2026-08-22T09:31:35.994Z
sensor.air_quality_monitor_battery_voltage,3.43861317634583,2026-08-22T09:32:35.989Z
sensor.air_quality_monitor_battery_voltage,3.4377601146698,2026-08-22T09:33:36.018Z
sensor.air_quality_monitor_battery_voltage,3.43626666069031,2026-08-22T09:35:36.074Z
sensor.air_quality_monitor_battery_voltage,3.43658685684204,2026-08-22T09:36:36.106Z
sensor.air_quality_monitor_battery_voltage,3.44181323051453,2026-08-22T09:38:36.154Z
sensor.air_quality_monitor_battery_voltage,3.4396800994873,2026-08-22T09:40:36.229Z
sensor.air_quality_monitor_battery_voltage,3.43424010276794,2026-08-22T09:41:36.253Z
sensor.air_quality_monitor_battery_voltage,3.42282652854919,2026-08-22T09:42:36.285Z
sensor.air_quality_monitor_battery_voltage,3.43743968009949,2026-08-22T09:44:36.313Z
sensor.air_quality_monitor_battery_voltage,3.43424010276794,2026-08-22T09:46:36.378Z
sensor.air_quality_monitor_battery_voltage,3.43658685684204,2026-08-22T09:48:36.428Z
sensor.air_quality_monitor_battery_voltage,3.4354133605957,2026-08-22T09:50:36.466Z
sensor.air_quality_monitor_battery_voltage,3.43338656425476,2026-08-22T09:51:36.489Z
sensor.air_quality_monitor_battery_voltage,3.41013336181641,2026-08-22T09:52:36.516Z
sensor.air_quality_monitor_battery_voltage,3.43253326416016,2026-08-22T09:54:36.580Z
sensor.air_quality_monitor_battery_voltage,3.43061327934265,2026-08-22T09:56:36.631Z
sensor.air_quality_monitor_battery_voltage,3.42890667915344,2026-08-22T09:57:36.634Z
sensor.air_quality_monitor_battery_voltage,3.41216015815735,2026-08-22T10:00:36.705Z
sensor.air_quality_monitor_battery_voltage,3.41450667381287,2026-08-22T10:02:36.765Z
sensor.air_quality_monitor_battery_voltage,3.41002655029297,2026-08-22T10:04:36.803Z
sensor.air_quality_monitor_battery_voltage,3.40906691551208,2026-08-22T10:05:36.822Z
sensor.air_quality_monitor_battery_voltage,3.40682649612427,2026-08-22T10:06:36.843Z
sensor.air_quality_monitor_battery_voltage,3.40597343444824,2026-08-22T10:08:36.878Z
sensor.air_quality_monitor_battery_voltage,3.3911464214325,2026-08-22T10:09:36.902Z
sensor.air_quality_monitor_battery_voltage,3.3950936794281,2026-08-22T10:11:36.948Z
sensor.air_quality_monitor_battery_voltage,3.40394639968872,2026-08-22T10:12:36.972Z
sensor.air_quality_monitor_battery_voltage,3.4015998840332,2026-08-22T10:13:36.988Z
sensor.air_quality_monitor_battery_voltage,3.37599992752075,2026-08-22T10:15:37.038Z
sensor.air_quality_monitor_battery_voltage,3.3703465461731,2026-08-22T10:17:37.096Z
sensor.air_quality_monitor_battery_voltage,3.36522674560547,2026-08-22T10:18:37.098Z
sensor.air_quality_monitor_battery_voltage,3.37952017784119,2026-08-22T10:20:37.179Z
sensor.air_quality_monitor_battery_voltage,3.37120032310486,2026-08-22T10:22:37.240Z
sensor.air_quality_monitor_battery_voltage,3.36746668815613,2026-08-22T10:23:37.253Z
sensor.air_quality_monitor_battery_voltage,3.36682677268982,2026-08-22T10:24:37.269Z
sensor.air_quality_monitor_battery_voltage,3.36298680305481,2026-08-22T10:25:37.296Z
sensor.air_quality_monitor_battery_voltage,3.35615992546082,2026-08-22T10:26:37.307Z
sensor.air_quality_monitor_battery_voltage,3.34687995910645,2026-08-22T10:27:37.320Z
sensor.air_quality_monitor_battery_voltage,3.33898663520813,2026-08-22T10:28:37.343Z
sensor.air_quality_monitor_battery_voltage,3.3360002040863,2026-08-22T10:29:37.362Z
sensor.air_quality_monitor_battery_voltage,3.33205342292786,2026-08-22T10:31:37.427Z
sensor.air_quality_monitor_battery_voltage,3.27349328994751,2026-08-22T10:32:37.461Z
sensor.air_quality_monitor_battery_voltage,3.27903985977173,2026-08-22T10:34:37.493Z
sensor.air_quality_monitor_battery_voltage,3.18762683868408,2026-08-22T10:36:37.564Z
sensor.air_quality_monitor_battery_voltage,3.23978662490845,2026-08-22T10:38:37.614Z
sensor.air_quality_monitor_battery_voltage,3.2240002155304,2026-08-22T10:40:37.671Z
sensor.air_quality_monitor_battery_voltage,3.20458674430847,2026-08-22T10:41:37.694Z
sensor.air_quality_monitor_battery_voltage,3.19541335105896,2026-08-22T10:42:37.714Z
sensor.air_quality_monitor_battery_voltage,3.18111991882324,2026-08-22T10:43:37.734Z
sensor.air_quality_monitor_battery_voltage,3.16394686698914,2026-08-22T10:44:37.762Z
sensor.air_quality_monitor_battery_voltage,unavailable,2026-08-22T10:45:15.386Z
sensor.air_quality_monitor_battery_voltage,3.09514689445496,2026-08-22T10:45:15.486Z
sensor.air_quality_monitor_battery_voltage,3.12266659736633,2026-08-22T10:45:51.285Z
sensor.air_quality_monitor_battery_voltage,3.09514689445496,2026-08-22T10:46:51.251Z
sensor.air_quality_monitor_battery_voltage,3.05237340927124,2026-08-22T10:47:51.258Z
sensor.air_quality_monitor_battery_voltage,3.03552007675171,2026-08-22T10:48:51.254Z
sensor.air_quality_monitor_battery_voltage,3.00138664245605,2026-08-22T10:49:51.256Z
sensor.air_quality_monitor_battery_voltage,unavailable,2026-08-22T10:50:55.564Z
sensor.air_quality_monitor_battery_voltage,2.93834662437439,2026-08-22T10:50:55.662Z
sensor.air_quality_monitor_battery_voltage,unavailable,2026-08-22T10:51:35.706Z
sensor.air_quality_monitor_battery_voltage,2.93834662437439,2026-08-22T10:52:45.840Z
